{
  "info" : {
    "author" : "xcode",
    "version" : 1
  },
  "resources" : [
    {
      "filename" : "imagen_1.arreferenceimage"
    },
    {
      "filename" : "ss_p.arreferenceimage"
    },
    {
      "filename" : "targetv4.arreferenceimage"
    },
    {
      "filename" : "Vestido1.arreferenceimage"
    },
    {
      "filename" : "Vestido3.arreferenceimage"
    },
    {
      "filename" : "Vestido4.arreferenceimage"
    },
    {
      "filename" : "Vestido5.arreferenceimage"
    },
    {
      "filename" : "Vestido6.arreferenceimage"
    },
    {
      "filename" : "Vestido8.arreferenceimage"
    }
  ]
}
